{"files":["anupa.lk_wpvivid-667621f764114_2024-06-22-00-59_backup_db.sql"],"tables":[{"name":"tablecomments","size":1024,"rows":"0"},{"name":"tablee_events","size":1024,"rows":"0"},{"name":"tablelinks","size":1024,"rows":"0"},{"name":"tableyoast_primary_term","size":1024,"rows":"0"},{"name":"tablerank_math_internal_meta","size":2132,"rows":"4"},{"name":"tableactionscheduler_claims","size":3100,"rows":"0"},{"name":"tableterm_relationships","size":3282,"rows":"9"},{"name":"tablecommentmeta","size":4096,"rows":"0"},{"name":"tabletermmeta","size":4096,"rows":"0"},{"name":"tableterm_taxonomy","size":4300,"rows":"5"},{"name":"tableactionscheduler_logs","size":4984,"rows":"0"},{"name":"tableyoast_indexable_hierarchy","size":5309,"rows":"9"},{"name":"tableyoast_seo_links","size":8152,"rows":"43"},{"name":"tableusers","size":8296,"rows":"1"},{"name":"tableactionscheduler_groups","size":9280,"rows":"2"},{"name":"tableyoast_migrations","size":9792,"rows":"24"},{"name":"tablelitespeed_avatar","size":10404,"rows":"9"},{"name":"tablerank_math_internal_links","size":11252,"rows":"86"},{"name":"tableterms","size":13480,"rows":"5"},{"name":"tablelitespeed_url","size":14256,"rows":"19"},{"name":"tablelitespeed_img_optming","size":14428,"rows":"49"},{"name":"tableusermeta","size":14884,"rows":"43"},{"name":"tableyoast_indexable","size":16728,"rows":"10"},{"name":"tableactionscheduler_actions","size":18536,"rows":"0"},{"name":"tablelitespeed_url_file","size":23864,"rows":"0"},{"name":"tableposts","size":876036,"rows":"86"},{"name":"tableoptions","size":1596524,"rows":"509"},{"name":"tablepostmeta","size":2948904,"rows":"493"}],"dump_db":1,"file_type":"databases","home_url":"https:\/\/anupa.lk","root_flag":"custom","php_version":"8.1.26","mysql_version":"10.6.16","wp_version":"6.5.4","find_zero_date":1,"file":"anupa.lk_wpvivid-667621f764114_2024-06-22-00-59_backup_db.part001.zip"}